"","coral_num","genotype","wound","temp","wound_status","timepoint","R.hours","P.hours","PR_Ratio"
"1",102,66,2,"A","wounded",0,10.8151213880552,6.17979526118713,0.571403226968164
"2",103,66,0,"A","no wound",0,9.55876054323044,6.07933290395918,0.635995940735705
"3",105,66,1,"A","wounded",0,8.5969465223182,5.32956912315319,0.619937452131091
"4",18,68,0,"H","no wound",0,9.1274998687121,5.72398428361242,0.627114145817027
"5",2,68,1,"H","wounded",0,10.8227293999383,8.86730000808727,0.819321973266543
"6",21,70,0,"A","no wound",0,8.99307170459003,4.95048112594287,0.550477221638982
"7",23,70,1,"H","wounded",0,10.4046634772772,5.34605709078616,0.513813551246655
"8",25,70,2,"A","wounded",0,7.92666871510756,4.52395867730432,0.570726346703759
"9",27,70,2,"A","wounded",0,7.44617795090024,3.59913536365362,0.483353391147265
"10",3,68,1,"H","wounded",0,11.3618662471092,8.63738881194754,0.760208633343589
"11",33,70,2,"H","wounded",0,9.38772217264687,6.87533754787533,0.732375481659236
"12",38,69,1,"A","wounded",0,10.7046236045989,6.3016447105281,0.588684380067396
"13",4,68,2,"A","wounded",0,13.3417707760103,6.90457476498284,0.517515619245828
"14",40,69,0,"H","no wound",0,9.89696836381009,6.80002421710294,0.687081535186913
"15",41,69,0,"A","no wound",0,9.28663010766722,6.98807936711229,0.752488177745208
"16",48,69,1,"H","wounded",0,9.75384462931021,7.26480997421553,0.744815019134593
"17",51,69,0,"H","no wound",0,10.2269278932379,8.1854287345442,0.800380018319723
"18",53,69,0,"A","no wound",0,11.1048810391199,6.47992491391627,0.583520425936035
"19",56,65,1,"H","wounded",0,13.7309675834806,8.59851016985887,0.626212982994988
"20",58,65,0,"H","no wound",0,8.38871949745623,6.56359019948278,0.782430524882028
"21",6,68,1,"A","wounded",0,8.89098829734278,5.99829679750681,0.674649048778919
"22",60,65,0,"H","no wound",0,10.124858790727,6.12850733899882,0.605293117234552
"23",62,65,2,"A","wounded",0,12.5715845534213,8.18280580018769,0.650896930726269
"24",64,65,0,"A","no wound",0,14.2820320857862,7.63642908789187,0.53468785408288
"25",66,65,2,"H","wounded",0,13.0337352450011,6.77941992543461,0.520144056787921
"26",7,68,2,"H","wounded",0,13.0950040820097,7.38772059149871,0.564163290460382
"27",72,65,1,"H","wounded",0,11.7855763814735,6.0014309993839,0.509218285566239
"28",75,67,1,"A","wounded",0,10.6399679944998,7.71957391082015,0.725526046207161
"29",76,67,2,"H","wounded",0,10.9515944515705,8.05228514739766,0.735261443710868
"30",79,67,2,"H","wounded",0,8.38165870018092,6.8724306491961,0.819936828142114
"31",81,67,0,"H","no wound",0,13.0053093235255,7.71359724100706,0.593111401591488
"32",83,67,0,"A","no wound",0,9.98605170882105,8.23914135079809,0.825064959709768
"33",91,66,1,"A","wounded",0,8.46361956191317,4.88807157633979,0.577539141567329
"34",93,66,2,"H","wounded",0,7.66289792602371,4.5689195410458,0.596239123260334
"35",96,66,1,"H","wounded",0,8.52763038298396,6.05151566012033,0.709636251612819
"36",1,68,0,"A","no wound",0,9.91450013307277,5.00772245117978,0.505090764432493
"37",10,68,1,"H","wounded",0,8.38327584786077,7.29388910343708,0.870052379977252
"38",100,66,1,"H","wounded",0,8.94462525039095,6.07539263934235,0.679222714118381
"39",13,68,2,"H","wounded",0,10.6204766824606,6.30945019928277,0.5940835226071
"40",14,68,2,"H","wounded",0,10.0821853659212,7.45340577403474,0.739264901757111
"41",16,68,2,"A","wounded",0,8.76728084090866,6.64287708637446,0.757689551289197
"42",19,70,0,"A","no wound",0,6.6251024086381,3.73939645228326,0.564428475461402
"43",22,70,1,"A","wounded",0,10.5491950159988,5.66901706304417,0.537388592631625
"44",26,70,1,"A","wounded",0,6.24824794523792,4.07332080112227,0.65191407844606
"45",28,70,0,"H","no wound",0,7.81854745513091,6.20771704266569,0.793973187256398
"46",30,70,1,"H","wounded",0,8.78705417154266,5.37088060908336,0.611226527597525
"47",32,70,0,"H","no wound",0,6.06268070035645,3.30912853971787,0.545819366591962
"48",35,70,1,"H","wounded",0,5.99900589360819,4.45372587543099,0.742410651767543
"49",42,69,2,"A","wounded",0,10.3004502347878,7.42678890280763,0.721015949159684
"50",43,69,2,"H","wounded",0,9.34516141976357,7.91397154698762,0.846852311213244
"51",45,69,2,"H","wounded",0,9.18834036652736,8.45323681317021,0.919996046725142
"52",47,69,0,"H","no wound",0,9.82221993615042,6.91232287541503,0.703743442963888
"53",52,69,1,"A","wounded",0,9.91711629656639,7.23743671959147,0.729792462159317
"54",55,65,2,"H","wounded",0,11.4760150412224,8.68071024102417,0.756421999260426
"55",59,65,2,"A","wounded",0,10.0454697074181,7.90804532144664,0.787225042907347
"56",65,65,2,"A","wounded",0,10.5790351318143,7.24549916502381,0.684892249127186
"57",69,65,1,"A","wounded",0,9.34891233830185,6.04271760048063,0.646355146119408
"58",74,67,1,"H","wounded",0,12.4972523134089,8.6067251730939,0.688689398057472
"59",77,67,0,"A","no wound",0,10.8678296198666,8.75243133836163,0.80535227773189
"60",82,67,2,"A","wounded",0,8.82117224746074,7.35605204562795,0.833908673277007
"61",85,67,1,"A","wounded",0,11.1645195512921,7.23813738593141,0.648316065252776
"62",87,67,2,"A","wounded",0,10.3638708052931,6.58037776627547,0.634934368625543
"63",88,67,1,"A","wounded",0,12.1521501537305,6.70774858272851,0.551980390126214
"64",89,67,0,"H","no wound",0,11.4101552543455,10.6592108933662,0.934186315239373
"65",95,66,0,"H","no wound",0,8.19658407855817,7.02944978728544,0.857607232465792
"66",98,66,2,"H","wounded",0,8.63146913352367,6.97907880385053,0.808562099439661
"67",101,66,2,"A","wounded",0,7.75205332341989,5.56820513649113,0.718287775403828
"68",106,66,1,"A","wounded",0,6.62243069187248,6.07796500035945,0.917784614615712
"69",107,66,0,"A","no wound",0,8.21392030846542,7.44810854024317,0.906766593847643
"70",108,66,0,"A","no wound",0,7.81147853581917,7.38746816064346,0.945719574952242
"71",12,68,1,"A","wounded",0,7.25144122877042,5.35304475510775,0.738204252951717
"72",15,68,0,"A","no wound",0,7.20516370864465,4.95528945861523,0.687741411436627
"73",20,70,1,"A","wounded",0,9.39883531483451,7.13468345447605,0.759102933021406
"74",24,70,2,"H","wounded",0,7.86769921812031,5.07096620529277,0.644529749385143
"75",29,70,2,"A","wounded",0,8.70010160400939,6.36472473155407,0.731569011633258
"76",31,70,2,"H","wounded",0,9.09778979264864,6.54109851446283,0.71897665955618
"77",34,70,0,"A","no wound",0,9.20233888838843,7.18907678609958,0.781222781870249
"78",36,70,0,"H","no wound",0,7.79186170349108,5.51478711405608,0.707762448040527
"79",39,69,2,"H","wounded",0,8.25607113918505,7.42354266069715,0.899161663646944
"80",44,69,2,"A","wounded",0,9.20726957843089,6.5665601951125,0.713192998116992
"81",46,69,1,"H","wounded",0,9.13267157430349,8.991081554406,0.984496319752055
"82",49,69,2,"A","wounded",0,9.28455289256253,6.61106185771056,0.712049566006179
"83",50,69,1,"H","wounded",0,8.9555540091237,8.1683429923213,0.912098010240304
"84",54,69,1,"A","wounded",0,5.96438746674635,5.82652530656726,0.976885780652629
"85",57,65,0,"A","no wound",0,10.0942473514876,6.33776837783102,0.627859428954552
"86",61,65,0,"H","no wound",0,8.87539454550519,5.45172268837027,0.614251305721525
"87",63,65,2,"H","wounded",0,10.6707934971428,8.13652917983925,0.762504604931007
"88",67,65,1,"A","wounded",0,7.94345027736814,4.4778998023489,0.563722267527372
"89",68,65,0,"A","no wound",0,11.43586387389,8.62208338325587,0.753951208088576
"90",70,65,1,"H","wounded",0,9.73217400419674,7.61976948571769,0.782946285427271
"91",73,67,2,"H","wounded",0,11.8367096248556,9.11821269517829,0.770333393668052
"92",78,67,2,"A","wounded",0,10.8966080187591,9.87794472068454,0.906515560042093
"93",8,68,0,"H","no wound",0,9.80733526285609,5.98014562020199,0.609762535889944
"94",80,67,1,"H","wounded",0,12.693110716582,10.4009536401355,0.819417231313357
"95",84,67,1,"H","wounded",0,8.45369415049139,5.17375546300023,0.612011195448737
"96",86,67,0,"H","no wound",0,9.53104967503181,9.24159350434482,0.969630189689885
"97",9,68,2,"A","wounded",0,9.31156408753284,6.5379848842865,0.702136056072486
"98",90,67,0,"A","no wound",0,11.4468651890777,9.85906150084137,0.861289212198345
"99",92,66,1,"H","wounded",0,7.61505156861604,6.43859676409486,0.845509279363292
"100",94,66,2,"H","wounded",0,8.19095473334668,7.18549600994278,0.877247676719477
"101",97,66,0,"H","no wound",0,8.12939206680961,6.0403123164806,0.743021405148088
"102",99,66,0,"H","no wound",0,7.72176909380783,7.13479050621989,0.923983923831828
"103",103,66,0,"A","no wound",1,9.42146455090055,7.10223466864879,0.753835524220056
"104",106,66,1,"A","wounded",1,7.04293120679052,4.88355771715507,0.693398469155362
"105",15,68,0,"A","no wound",1,8.71474330066586,6.53493881697274,0.749871636089778
"106",19,70,0,"A","no wound",1,7.32797292745445,5.62018335011319,0.766949251280258
"107",25,70,2,"A","wounded",1,7.42342189403119,5.67508060393719,0.764483102934005
"108",26,70,1,"A","wounded",1,7.4604253277345,4.53921655761589,0.608439379554023
"109",41,69,0,"A","no wound",1,9.53845899232106,8.34321036332734,0.874691642543523
"110",49,69,2,"A","wounded",1,9.40358860272496,7.19751014581518,0.765400364678809
"111",52,69,1,"A","wounded",1,10.2230623327668,7.00545125977186,0.685259566237611
"112",57,65,0,"A","no wound",1,9.05739609445678,5.25997661120603,0.58073827801626
"113",59,65,2,"A","wounded",1,10.9188755972093,6.64717045341953,0.608777927199614
"114",69,65,1,"A","wounded",1,10.3506387452963,7.50695258985303,0.725264669609347
"115",85,67,1,"A","wounded",1,11.4633230724759,9.03586015576706,0.788240905245243
"116",87,67,2,"A","wounded",1,11.2343853851587,8.31898348471283,0.740492977542211
"117",9,68,2,"A","wounded",1,9.42599356100612,7.60115945246071,0.80640405738293
"118",90,67,0,"A","no wound",1,12.2537233911499,9.47732815803378,0.773424358907812
"119",18,68,0,"H","no wound",1,10.6784382223564,6.40624539473635,0.599923440239061
"120",23,70,1,"H","wounded",1,9.3338532047707,7.89567216757539,0.845917757045907
"121",24,70,2,"H","wounded",1,8.11833371257572,5.95955126419594,0.734085524836739
"122",3,68,1,"H","wounded",1,11.8557284337692,7.13904826041432,0.602160238427849
"123",32,70,0,"H","no wound",1,6.33283124745207,5.31200751635795,0.838804526568613
"124",43,69,2,"H","wounded",1,9.91079205146763,9.64097151607797,0.97277507852163
"125",46,69,1,"H","wounded",1,10.6606280818142,8.59187142880451,0.805944205432064
"126",51,69,0,"H","no wound",1,12.1417739317991,9.05801014250056,0.746020325644327
"127",56,65,1,"H","wounded",1,11.5950913663448,8.2620231916632,0.712544897718018
"128",58,65,0,"H","no wound",1,8.68931004053909,7.44538570817271,0.856844291829503
"129",63,65,2,"H","wounded",1,10.2087533787324,5.35691289568338,0.524737222748791
"130",7,68,2,"H","wounded",1,10.7280990831465,6.76203907106994,0.630311019562903
"131",74,67,1,"H","wounded",1,10.2514163659763,6.96460763420693,0.679380037408484
"132",76,67,2,"H","wounded",1,11.1197418782325,6.99518362286869,0.629077877838345
"133",81,67,0,"H","no wound",1,12.6244792654824,10.448081815257,0.827604972493712
"134",92,66,1,"H","wounded",1,7.64424995599534,4.51867980512153,0.591121409050413
"135",97,66,0,"H","no wound",1,8.42649332034738,5.37607835065467,0.637997105827296
"136",98,66,2,"H","wounded",1,8.72490389386703,7.09610044682044,0.813315600164775
"137",108,66,0,"A","no wound",1,8.01977134437983,5.8384420010405,0.728006042857071
"138",12,68,1,"A","wounded",1,6.97127881099769,5.00256797742181,0.717596887608325
"139",16,68,2,"A","wounded",1,8.79201384419086,7.58210019742319,0.862384924749966
"140",20,70,1,"A","wounded",1,8.46161901431197,7.25215436177847,0.857064629063562
"141",34,70,0,"A","no wound",1,8.28712775735841,6.70320938002744,0.808870042346751
"142",42,69,2,"A","wounded",1,9.41647634721904,8.51877508158772,0.904666965377506
"143",54,69,1,"A","wounded",1,6.47987874574624,7.54342960491222,1.16413129024431
"144",75,67,1,"A","wounded",1,7.8407421598159,5.94181259664149,0.757812522785599
"145",101,66,2,"A","wounded",1,8.87768397558083,5.58842231590798,0.629491017170653
"146",29,70,2,"A","wounded",1,6.58006780733083,5.27337973356998,0.801417232766952
"147",62,65,2,"A","wounded",1,10.8189247628154,9.06403895566273,0.837794804416775
"148",67,65,1,"A","wounded",1,7.54417439338979,4.72629162919235,0.626482287224635
"149",68,65,0,"A","no wound",1,11.8576945871896,8.18122853281317,0.689951024851975
"150",77,67,0,"A","no wound",1,9.96610580492879,8.87805509342179,0.890824888597019
"151",78,67,2,"A","wounded",1,10.7861550544244,9.39784870611322,0.871288115059898
"152",91,66,1,"A","wounded",1,8.95674479401697,7.81628097484923,0.872669832020941
"153",14,68,2,"H","wounded",1,9.66769485199522,7.98632927847314,0.826084128712949
"154",2,68,1,"H","wounded",1,11.4157844730218,5.94956669651997,0.52117020171327
"155",28,70,0,"H","no wound",1,7.36534486760379,4.99269694417161,0.677863295462485
"156",33,70,2,"H","wounded",1,7.88731028200823,5.09529662016818,0.646011940444524
"157",35,70,1,"H","wounded",1,6.82006844074843,5.4686275657384,0.801843502488119
"158",45,69,2,"H","wounded",1,10.7689183513131,8.3336772814903,0.773863911826777
"159",47,69,0,"H","no wound",1,10.0328456903102,9.11634164280528,0.908649641806999
"160",50,69,1,"H","wounded",1,8.76350892234619,7.53272083374779,0.859555333428143
"161",55,65,2,"H","wounded",1,11.6418293482893,6.74019781681637,0.578963805014614
"162",60,65,0,"H","no wound",1,10.0021035961472,8.32383484062962,0.832208421020148
"163",70,65,1,"H","wounded",1,10.7668451968771,8.82940550751047,0.820055025038479
"164",73,67,2,"H","wounded",1,12.2389555144385,9.23535369471936,0.754586752425419
"165",84,67,1,"H","wounded",1,10.1833023698459,7.73324338075573,0.75940427769825
"166",89,67,0,"H","no wound",1,11.5402246514261,10.0045809436415,0.866931211985136
"167",94,66,2,"H","wounded",1,9.47113693729843,5.92462069056895,0.6255448242161
"168",96,66,1,"H","wounded",1,8.82641228766772,7.98086428024933,0.904202525345458
"169",99,66,0,"H","no wound",1,8.04784162997813,5.52561352679862,0.686595708620279
"170",1,68,0,"A","no wound",1,8.26587055894418,5.61282962301719,0.679036718878178
"171",102,66,2,"A","wounded",1,8.24989047305458,6.94460429018887,0.841781392476788
"172",105,66,1,"A","wounded",1,7.23954840262456,7.84952417390343,1.08425605263689
"173",107,66,0,"A","no wound",1,7.19536186635697,6.76354336482784,0.939986548341903
"174",21,70,0,"A","no wound",1,5.04855916151018,4.02545742597392,0.797347777295291
"175",22,70,1,"A","wounded",1,6.14418205617042,6.56834490171641,1.06903487586603
"176",27,70,2,"A","wounded",1,5.39216821320412,4.17899133475871,0.775011307051841
"177",38,69,1,"A","wounded",1,8.43683136733482,7.91207125511831,0.937801279962967
"178",4,68,2,"A","wounded",1,10.0252231770176,8.03978514506333,0.80195572737914
"179",44,69,2,"A","wounded",1,7.13313334997542,7.64920288334987,1.07234822455355
"180",53,69,0,"A","no wound",1,8.50767783010245,8.72770675793752,1.02586239538321
"181",6,68,1,"A","wounded",1,8.17404191376379,6.55020349649097,0.80134204908608
"182",64,65,0,"A","no wound",1,11.325386439804,10.6023005321552,0.9361535333481
"183",65,65,2,"A","wounded",1,8.46760310107184,8.29880581448277,0.980065517410977
"184",82,67,2,"A","wounded",1,7.65347450802534,9.08089966010513,1.18650681472618
"185",83,67,0,"A","no wound",1,8.19633593652293,9.5540181859902,1.16564502235901
"186",88,67,1,"A","wounded",1,9.55995987977595,10.3136099519303,1.07883402039675
"187",10,68,1,"H","wounded",1,8.14355999832582,5.75392069693492,0.706560852761916
"188",100,66,1,"H","wounded",1,9.10603601330577,8.45540253349011,0.92854920858374
"189",13,68,2,"H","wounded",1,10.8314391137281,7.96951369656412,0.735776069355673
"190",30,70,1,"H","wounded",1,8.91872784502766,7.94282551878732,0.890578304081291
"191",31,70,2,"H","wounded",1,6.33840121767561,5.57640157858623,0.879780466253158
"192",36,70,0,"H","no wound",1,6.82217558403992,7.06278762956084,1.03526910771453
"193",39,69,2,"H","wounded",1,8.87733019257453,9.40972650867322,1.05997257109395
"194",40,69,0,"H","no wound",1,9.58343935956212,6.23444563238214,0.65054365123744
"195",48,69,1,"H","wounded",1,10.53785954131,9.41261161021038,0.893218549109667
"196",61,65,0,"H","no wound",1,9.52728569564667,9.032224314377,0.948037521169762
"197",66,65,2,"H","wounded",1,11.2314458627028,7.100630442667,0.632209826719339
"198",72,65,1,"H","wounded",1,11.837069793755,11.4648299706007,0.968553043139894
"199",79,67,2,"H","wounded",1,9.06657396028656,8.93250733072975,0.985213088191411
"200",8,68,0,"H","no wound",1,10.778699297924,9.79665559883858,0.908890333430623
"201",80,67,1,"H","wounded",1,13.5038003446356,11.0700848034882,0.819775509187362
"202",86,67,0,"H","no wound",1,10.2281370529631,6.97487881000649,0.681930519105223
"203",93,66,2,"H","wounded",1,6.8176174774071,5.24388589652389,0.769166928755038
"204",95,66,0,"H","no wound",1,8.95373589755806,8.17138439851522,0.91262289752636
"205",103,66,0,"A","no wound",10,5.2456934425792,5.12249141392063,0.976513681173486
"206",106,66,1,"A","wounded",10,4.70373728437713,4.18008981799056,0.888674168065084
"207",15,68,0,"A","no wound",10,4.57705362126627,2.97019637000412,0.648931958368098
"208",19,70,0,"A","no wound",10,4.06381760769436,2.96929901556859,0.730667392637546
"209",25,70,2,"A","wounded",10,3.75256412119337,3.37084324030772,0.898277319572022
"210",26,70,1,"A","wounded",10,3.86854854260216,3.07977227368163,0.796105371243458
"211",41,69,0,"A","no wound",10,5.74598280075174,5.12947048932064,0.892705506993435
"212",49,69,2,"A","wounded",10,4.4032030392101,3.47867405585004,0.790032625085144
"213",52,69,1,"A","wounded",10,5.0119600675835,4.61348877678215,0.920495916681661
"214",57,65,0,"A","no wound",10,4.68694819209865,3.04896639517308,0.650522743202729
"215",59,65,2,"A","wounded",10,5.93291696383755,5.29793536005715,0.892973118004052
"216",69,65,1,"A","wounded",10,7.00336106230631,4.4495798145817,0.635349195192914
"217",85,67,1,"A","wounded",10,4.61832109471731,3.97382642474408,0.860448276168923
"218",87,67,2,"A","wounded",10,4.898454155005,3.65055902501949,0.74524715542954
"219",9,68,2,"A","wounded",10,4.53203465377449,3.9882615501392,0.880015678348263
"220",90,67,0,"A","no wound",10,4.6524697003255,3.30783475431322,0.710984695737362
"221",18,68,0,"H","no wound",10,7.55199081359179,6.95240634509103,0.920605773589972
"222",23,70,1,"H","wounded",10,8.52908722697034,6.50513694156986,0.76270024780607
"223",24,70,2,"H","wounded",10,7.00997028366696,6.35917828832607,0.907161946626619
"224",3,68,1,"H","wounded",10,5.14003548382941,4.14220040151884,0.805870001199453
"225",32,70,0,"H","no wound",10,5.76674699391982,5.7150466713863,0.991034751032423
"226",43,69,2,"H","wounded",10,7.58206542129785,6.08174811457792,0.802122875053863
"227",46,69,1,"H","wounded",10,9.02267560654139,7.73346303804152,0.85711416161685
"228",51,69,0,"H","no wound",10,5.35722351821634,6.0131357798419,1.12243511203056
"229",56,65,1,"H","wounded",10,5.40724954317134,5.07973198879946,0.939429916863094
"230",58,65,0,"H","no wound",10,5.51965446605166,5.07707911552736,0.919818286951414
"231",63,65,2,"H","wounded",10,7.25675583192353,6.0398852878157,0.832312045176628
"232",7,68,2,"H","wounded",10,5.57295804211734,4.55930065188153,0.818111426180648
"233",74,67,1,"H","wounded",10,5.54652858174988,5.10351147041407,0.920127138117795
"234",76,67,2,"H","wounded",10,4.92582692369334,4.8959517949217,0.993935002338808
"235",81,67,0,"H","no wound",10,8.84314591925834,7.08518254042142,0.801206109806639
"236",92,66,1,"H","wounded",10,5.30889870567392,4.77328297606288,0.899109823090314
"237",97,66,0,"H","no wound",10,5.15944483596789,5.22674383396705,1.01304384485904
"238",98,66,2,"H","wounded",10,5.70935854044153,5.45247317798721,0.955006265478914
"239",101,66,2,"A","wounded",10,5.35581004621424,4.97419474680092,0.928747417081554
"240",108,66,0,"A","no wound",10,4.48082728785063,4.89594960528176,1.09264412367705
"241",12,68,1,"A","wounded",10,4.33700771384501,3.23558849926558,0.746041674986334
"242",16,68,2,"A","wounded",10,4.71364337130482,4.56626411602142,0.968733473520589
"243",20,70,1,"A","wounded",10,3.85464984390743,3.76927124766647,0.977850492340854
"244",29,70,2,"A","wounded",10,3.82392469063781,3.45630733490995,0.903863860962559
"245",34,70,0,"A","no wound",10,4.12607244084202,3.94139252259813,0.9552407474925
"246",42,69,2,"A","wounded",10,4.32159733606552,3.93116884485015,0.909656439308427
"247",54,69,1,"A","wounded",10,3.89903164700836,3.60490269810201,0.924563590261694
"248",62,65,2,"A","wounded",10,4.45883915830738,3.40411694296805,0.763453630442297
"249",67,65,1,"A","wounded",10,3.9029114369296,3.62003799540257,0.927522454429667
"250",68,65,0,"A","no wound",10,5.14277169378272,5.62598807305769,1.09396030157418
"251",75,67,1,"A","wounded",10,4.29552441297978,3.53836038481151,0.823731876396662
"252",77,67,0,"A","no wound",10,5.05552418010189,4.2081422933107,0.832384960173583
"253",78,67,2,"A","wounded",10,5.85611343272809,3.93983080608533,0.67277228341698
"254",91,66,1,"A","wounded",10,5.45127987578042,5.49607912135136,1.00821811512008
"255",14,68,2,"H","wounded",10,4.74055213431045,5.75283384292663,1.2135366682901
"256",2,68,1,"H","wounded",10,4.02267576256076,3.51441367277437,0.873650743985679
"257",28,70,0,"H","no wound",10,3.81656540933716,4.27030084583883,1.11888580119487
"258",33,70,2,"H","wounded",10,2.76560209219952,3.97214971870363,1.43626942209337
"259",35,70,1,"H","wounded",10,3.79943833582132,5.07141870928615,1.33478116001319
"260",45,69,2,"H","wounded",10,4.52095087555453,5.48128084614756,1.21241769641552
"261",47,69,0,"H","no wound",10,5.15826567971877,6.44947209042327,1.25031793453006
"262",50,69,1,"H","wounded",10,4.29110367204563,3.97140755374726,0.925497927169407
"263",55,65,2,"H","wounded",10,5.78077012609077,6.4773536120832,1.12050011863445
"264",60,65,0,"H","no wound",10,5.55770259427813,5.15948616849802,0.928348734207173
"265",70,65,1,"H","wounded",10,5.40549337417197,4.6811137249857,0.86599194577734
"266",73,67,2,"H","wounded",10,4.49151069297935,3.91903818323566,0.872543438304951
"267",84,67,1,"H","wounded",10,4.8936143963005,4.42349965590459,0.903933023257553
"268",89,67,0,"H","no wound",10,4.5898018478383,5.19241151111175,1.13129317631812
"269",94,66,2,"H","wounded",10,5.44260116276255,3.91393796089034,0.719130034305823
"270",96,66,1,"H","wounded",10,4.89163818794551,4.84598495799212,0.990667087752752
"271",99,66,0,"H","no wound",10,4.55414657604445,5.4319784172226,1.19275441106698
"272",1,68,0,"A","no wound",10,4.16490332032262,3.91830127267664,0.940790450898899
"273",102,66,2,"A","wounded",10,6.42768340924736,4.16158228148705,0.6474466797011
"274",105,66,1,"A","wounded",10,4.91841270333784,3.65553046520567,0.743233780021119
"275",107,66,0,"A","no wound",10,5.20124747144274,4.84887463835904,0.932252246212395
"276",21,70,0,"A","no wound",10,3.91798143343702,3.7221994706361,0.950029890103594
"277",22,70,1,"A","wounded",10,3.77964789388866,3.47719164133058,0.919977664309122
"278",27,70,2,"A","wounded",10,3.43063511451581,3.50491104394192,1.02165078096235
"279",38,69,1,"A","wounded",10,5.2641183440156,3.84448107433139,0.730318131753612
"280",4,68,2,"A","wounded",10,4.43745693453624,3.64883722270576,0.822281157098621
"281",44,69,2,"A","wounded",10,4.51025164710115,4.61452186986483,1.02311849336183
"282",53,69,0,"A","no wound",10,4.96809159658676,4.34981292685921,0.875550066316747
"283",6,68,1,"A","wounded",10,3.98855375323933,3.92220186129294,0.983364423284378
"284",64,65,0,"A","no wound",10,6.99194547679508,3.84044075802515,0.54926640529032
"285",65,65,2,"A","wounded",10,5.06086291629706,5.03079094158164,0.994057935333798
"286",82,67,2,"A","wounded",10,6.28684709948311,6.02064874842507,0.95765789324192
"287",83,67,0,"A","no wound",10,5.28693126310309,4.20928606109883,0.796168108043125
"288",88,67,1,"A","wounded",10,5.35430276393339,4.3200396601783,0.806835147477671
"289",10,68,1,"H","wounded",10,5.18451914861826,5.63385665097417,1.08666907951833
"290",100,66,1,"H","wounded",10,5.66301429233943,5.09353426129699,0.899438708496145
"291",13,68,2,"H","wounded",10,4.61089811231823,3.89916041049899,0.84564011511818
"292",30,70,1,"H","wounded",10,3.08871013929771,3.40868481369862,1.10359491825726
"293",31,70,2,"H","wounded",10,6.81554690055479,6.03584386528506,0.885599344169099
"294",36,70,0,"H","no wound",10,3.82644817990956,3.04941435492012,0.796930785821381
"295",39,69,2,"H","wounded",10,4.7294256258256,4.95345525157604,1.04736930939924
"296",40,69,0,"H","no wound",10,4.80981350716329,3.90842444968257,0.812593761454934
"297",48,69,1,"H","wounded",10,5.47868376584636,5.52755620285363,1.00892047051738
"298",61,65,0,"H","no wound",10,6.29316537903942,4.71917198251554,0.749888442187399
"299",66,65,2,"H","wounded",10,6.00312148438351,6.14694874533391,1.02395874568332
"300",72,65,1,"H","wounded",10,3.26189564808385,4.19054054803616,1.28469485236226
"301",79,67,2,"H","wounded",10,5.20936345251309,5.47383433910509,1.05076836911128
"302",8,68,0,"H","no wound",10,4.53655496153767,5.0346727244978,1.10980088793883
"303",80,67,1,"H","wounded",10,5.23465524144446,4.35192579559206,0.831368178965532
"304",86,67,0,"H","no wound",10,5.75012267593143,3.99457740606067,0.694694292833259
"305",93,66,2,"H","wounded",10,4.86660608249805,5.43135477872602,1.11604569727946
"306",95,66,0,"H","no wound",10,4.99501137772017,5.46315469943019,1.09372217324632
"307",103,66,0,"A","no wound",19,6.23291519911843,5.50667601801456,0.883483224477915
"308",106,66,1,"A","wounded",19,5.65513316705475,4.83689759062768,0.855310997591731
"309",15,68,0,"A","no wound",19,5.03577224358984,4.57743035237879,0.908982799650144
"310",19,70,0,"A","no wound",19,5.94982221004283,4.78540101835992,0.804293111529037
"311",25,70,2,"A","wounded",19,4.97152070063564,3.56196116539357,0.716473163822519
"312",26,70,1,"A","wounded",19,4.03424674092004,3.88021393254801,0.961818694228676
"313",41,69,0,"A","no wound",19,5.66366479006635,4.33389090024527,0.765209640910704
"314",49,69,2,"A","wounded",19,5.62018087679533,3.93350981740322,0.699890253291303
"315",52,69,1,"A","wounded",19,5.84535082709476,5.24660108191425,0.897568210550314
"316",57,65,0,"A","no wound",19,6.22093291636821,5.40443230153787,0.868749490501337
"317",59,65,2,"A","wounded",19,7.04630303309914,4.46342986779913,0.633442792175233
"318",69,65,1,"A","wounded",19,8.01649480394956,5.27862425542987,0.658470364482641
"319",85,67,1,"A","wounded",19,6.27445311260453,4.67587686028751,0.745224607845791
"320",87,67,2,"A","wounded",19,5.34042639126395,4.1069821326278,0.769036371205516
"321",9,68,2,"A","wounded",19,4.81551569961595,3.46473804514639,0.719494704465965
"322",90,67,0,"A","no wound",19,4.89009355443163,4.44979196167551,0.909960497103966
"323",18,68,0,"H","no wound",19,6.34555838644263,4.39872935330751,0.693198153011318
"324",23,70,1,"H","wounded",19,6.36003451037991,6.2742490249854,0.986511789322134
"325",24,70,2,"H","wounded",19,5.22053415948734,3.78860752463686,0.725712620374636
"326",3,68,1,"H","wounded",19,6.10390119724575,5.38248758801756,0.881811060514265
"327",32,70,0,"H","no wound",19,4.39768487407392,4.79399204699737,1.09011722855811
"328",43,69,2,"H","wounded",19,5.72207407652851,5.30824270111332,0.927678081429828
"329",46,69,1,"H","wounded",19,5.88621357243283,5.36769186222007,0.911909123950043
"330",51,69,0,"H","no wound",19,6.12357838335194,6.07133782659799,0.991468949446948
"331",56,65,1,"H","wounded",19,7.84518495647142,7.04210461493465,0.897633982373569
"332",58,65,0,"H","no wound",19,7.93687191437832,7.12187212818991,0.897314736210878
"333",63,65,2,"H","wounded",19,6.11279133351333,4.42569098716196,0.72400491783486
"334",7,68,2,"H","wounded",19,4.96990065525852,4.72038861152142,0.949795365934911
"335",74,67,1,"H","wounded",19,7.36951845521594,5.73658066094204,0.778420014252335
"336",76,67,2,"H","wounded",19,6.184627006533,4.57978825407586,0.740511634612418
"337",81,67,0,"H","no wound",19,7.62370080827887,4.17499203904396,0.547633248475619
"338",92,66,1,"H","wounded",19,7.13027856068085,6.3402994657632,0.889207821518516
"339",97,66,0,"H","no wound",19,5.89563712987622,3.95081591992597,0.670125354205598
"340",98,66,2,"H","wounded",19,6.24161587986906,6.33423868934872,1.01483955617621
"341",101,66,2,"A","wounded",19,7.11732858202216,5.53465696345783,0.777631227738728
"342",108,66,0,"A","no wound",19,5.42620034968241,4.52637113075622,0.834169554948546
"343",12,68,1,"A","wounded",19,5.42132906711703,4.49579228995835,0.829278620482106
"344",16,68,2,"A","wounded",19,4.92864870670532,3.69249696608551,0.749190535949935
"345",20,70,1,"A","wounded",19,5.26841061314752,3.62262194550852,0.687611921604616
"346",29,70,2,"A","wounded",19,4.58760944763648,4.12453103919447,0.899058885956259
"347",34,70,0,"A","no wound",19,5.30681288291024,3.86990778585665,0.72923388693788
"348",42,69,2,"A","wounded",19,5.59432730099667,4.04610278755493,0.723250995134676
"349",54,69,1,"A","wounded",19,6.09577856349994,5.4789451319724,0.898809737738672
"350",62,65,2,"A","wounded",19,6.70822364014609,4.42465247024834,0.659586308925142
"351",67,65,1,"A","wounded",19,5.27578444069665,4.01708506781489,0.761419484243455
"352",68,65,0,"A","no wound",19,5.75192546578195,5.68618649117873,0.98857096202058
"353",75,67,1,"A","wounded",19,6.00466369919772,4.6108664144046,0.767880874830785
"354",77,67,0,"A","no wound",19,6.46096333720894,4.7348738889241,0.732843330290358
"355",78,67,2,"A","wounded",19,7.45034083655955,4.87906992244781,0.654878753802207
"356",91,66,1,"A","wounded",19,6.12785930696301,5.91959351216715,0.966013287126352
"357",14,68,2,"H","wounded",19,6.33775956901672,4.50033204980449,0.710082482744404
"358",2,68,1,"H","wounded",19,5.29369114353146,5.11993740060794,0.967177204296129
"359",28,70,0,"H","no wound",19,4.78580419092924,5.64852956107998,1.18026758633082
"360",33,70,2,"H","wounded",19,4.17855523613585,3.20265864446646,0.766451192692176
"361",35,70,1,"H","wounded",19,5.7981269138312,5.19737557869501,0.896388722760946
"362",45,69,2,"H","wounded",19,5.51936273390555,5.37730684051093,0.974262265365898
"363",47,69,0,"H","no wound",19,6.58818341265549,5.64088987678857,0.856213241718919
"364",50,69,1,"H","wounded",19,5.4386498691807,4.48394980040191,0.824460097314077
"365",55,65,2,"H","wounded",19,6.19718491879304,6.11120721212869,0.986126328681331
"366",60,65,0,"H","no wound",19,6.96038483886654,6.45504309938776,0.927397442644699
"367",70,65,1,"H","wounded",19,6.83563814931901,6.01918311783053,0.880559062130897
"368",73,67,2,"H","wounded",19,5.74146070987306,5.44989285989909,0.94921713049911
"369",84,67,1,"H","wounded",19,6.25722800695405,4.45027898973833,0.711222123405516
"370",89,67,0,"H","no wound",19,5.88082645720587,4.62532569621515,0.786509469353182
"371",94,66,2,"H","wounded",19,5.97776992793978,5.17263220917385,0.865311357166363
"372",96,66,1,"H","wounded",19,6.17372960046576,4.24954267419976,0.688326659768054
"373",99,66,0,"H","no wound",19,6.08954157733935,5.68508129354662,0.933581160641414
"374",1,68,0,"A","no wound",19,4.33579668040145,3.57370867784293,0.824233454948825
"375",102,66,2,"A","wounded",19,7.14644133478488,4.39827915189754,0.615450256407924
"376",105,66,1,"A","wounded",19,7.06897373767387,4.68720195057855,0.663066821934599
"377",107,66,0,"A","no wound",19,7.30125070607866,5.69738603517284,0.780330146782863
"378",21,70,0,"A","no wound",19,5.59548695383558,4.81741477993519,0.860946476987666
"379",22,70,1,"A","wounded",19,5.7520247619437,3.94236186914461,0.685386804178573
"380",27,70,2,"A","wounded",19,5.31010322866623,4.2828974500237,0.806556344687005
"381",38,69,1,"A","wounded",19,6.62033582311993,5.2926324862501,0.799450757130304
"382",4,68,2,"A","wounded",19,6.00364726892291,5.05451776633458,0.841907850332684
"383",44,69,2,"A","wounded",19,4.77518670748999,3.80003137152078,0.795786972174375
"384",53,69,0,"A","no wound",19,5.71397991302103,5.51707301973442,0.965539449510857
"385",6,68,1,"A","wounded",19,4.951522389124,4.09031054938642,0.826071302509058
"386",64,65,0,"A","no wound",19,7.33014718160117,6.10817183752624,0.833294569153793
"387",65,65,2,"A","wounded",19,6.35432760820853,4.81361030250906,0.75753259814474
"388",82,67,2,"A","wounded",19,6.49303655448503,4.59545053293382,0.707750602414141
"389",83,67,0,"A","no wound",19,6.42621344684441,5.39948064508352,0.840227404481085
"390",88,67,1,"A","wounded",19,6.57558215983688,4.11849275864289,0.626331275092007
"391",10,68,1,"H","wounded",19,5.41670204723929,4.68193246122333,0.864351116305085
"392",100,66,1,"H","wounded",19,7.59160689652255,5.99543704592056,0.789745455427475
"393",13,68,2,"H","wounded",19,5.07524463139656,5.18863504238401,1.02234186117571
"394",30,70,1,"H","wounded",19,4.31453572868084,4.03429787637774,0.935047970413081
"395",31,70,2,"H","wounded",19,4.40455277231677,4.85339986577775,1.10190525954918
"396",36,70,0,"H","no wound",19,4.499176520181,3.64004536579504,0.809047022153423
"397",39,69,2,"H","wounded",19,5.19789298068722,6.09176238210845,1.17196764241634
"398",40,69,0,"H","no wound",19,4.54465220885704,3.58646606615991,0.789161832707523
"399",48,69,1,"H","wounded",19,5.93906329555808,6.91376940787608,1.16411781855347
"400",61,65,0,"H","no wound",19,6.35959910984075,5.14529886998869,0.809060253818033
"401",66,65,2,"H","wounded",19,5.96971270587985,4.48305321418305,0.750966325358921
"402",72,65,1,"H","wounded",19,5.61834568362085,5.25805997561651,0.935873346302867
"403",79,67,2,"H","wounded",19,6.10646326780993,6.34351710353499,1.03882015257091
"404",8,68,0,"H","no wound",19,5.93056676072825,4.43510049339428,0.747837546111643
"405",80,67,1,"H","wounded",19,5.98873046532537,5.81149924514409,0.970405877972394
"406",86,67,0,"H","no wound",19,5.48513155186768,5.35372525387231,0.976043182054472
"407",93,66,2,"H","wounded",19,5.34923945675665,5.62126646507516,1.0508533989771
"408",95,66,0,"H","no wound",19,5.11218666331588,5.56587789396143,1.08874700016358
