"","coral_num","umol.cm2.hr","Rate","genotype","wound","temp","date","chamber_vol","SA","file.names.full","wound_status"
"1","102",0.470222669045877,"Respiration",66,"2","A",20230605,647.4457621,10.2779265,"20230605_g1_102_O2","wounded"
"2","103",0.41559828448828,"Respiration",66,"0","A",20230605,646.9302905,13.2066045,"20230605_g1_103_O2","no wound"
"3","104",0.356861634075812,"Respiration",66,"2","A",20230605,646.0690693,23.669006,"20230605_g1_104_O2","wounded"
"4","105",0.373780283579052,"Respiration",66,"1","A",20230605,646.0942912,25.0701525,"20230605_g1_105_O2","wounded"
"5","18",0.396847820378787,"Respiration",68,"0","H",20230605,646.8519976,14.7492865,"20230605_g1_18_O2","no wound"
"6","2",0.47055345217123,"Respiration",68,"1","H",20230605,645.8010872,28.3475275,"20230605_g1_2_O2","wounded"
"7","21",0.391003117590871,"Respiration",70,"0","A",20230605,647.4074038,10.917466,"20230605_g1_21_O2","no wound"
"8","23",0.452376672925095,"Respiration",70,"1","H",20230605,647.4625766,9.88459126,"20230605_g1_23_O2","wounded"
"9","25",0.344637770222068,"Respiration",70,"2","A",20230605,646.7978758,12.285564,"20230605_g1_25_O2","wounded"
"10","27",0.323746867430445,"Respiration",70,"2","A",20230605,646.6875302,16.5012495,"20230605_g1_27_O2","wounded"
"11","3",0.493994184656922,"Respiration",68,"1","H",20230605,646.6113391,18.5524545,"20230605_g1_3_O2","wounded"
"12","33",0.408161833593342,"Respiration",70,"2","H",20230605,647.3816565,10.0424265,"20230605_g1_33_O2","wounded"
"13","38",0.465418417591255,"Respiration",69,"1","A",20230605,647.2523945,9.561771,"20230605_g1_38_O2","wounded"
"14","4",0.580076990261316,"Respiration",68,"2","A",20230605,646.0585602,22.0411515,"20230605_g1_4_O2","wounded"
"15","40",0.430302972339569,"Respiration",69,"0","H",20230605,645.7023016,26.901793,"20230605_g1_40_O2","no wound"
"16","41",0.403766526420314,"Respiration",69,"0","A",20230605,646.6255264,19.7038925,"20230605_g1_41_O2","no wound"
"17","48",0.424080201274357,"Respiration",69,"1","H",20230605,647.0847743,11.2200835,"20230605_g1_48_O2","wounded"
"18","51",0.444649038836429,"Respiration",69,"0","H",20230605,647.4588985,8.4441665,"20230605_g1_51_O2","no wound"
"19","53",0.482820914744345,"Respiration",69,"0","A",20230605,647.481493,8.235592,"20230605_g1_53_O2","no wound"
"20","56",0.596998590586113,"Respiration",65,"1","H",20230605,647.1567617,14.5612005,"20230605_g1_56_O2","wounded"
"21","58",0.36472693467201,"Respiration",65,"0","H",20230605,647.7652389,9.7158665,"20230605_g1_58_O2","no wound"
"22","6",0.386564708580121,"Respiration",68,"1","A",20230605,646.7153793,17.9765,"20230605_g1_6_O2","wounded"
"23","60",0.440211251770741,"Respiration",65,"0","H",20230605,647.1861872,18.8185695,"20230605_g1_60_O2","no wound"
"24","62",0.546590632757447,"Respiration",65,"2","A",20230605,647.5587349,8.441105,"20230605_g1_62_O2","wounded"
"25","64",0.620957916773314,"Respiration",65,"0","A",20230605,647.6228405,7.920336,"20230605_g1_64_O2","no wound"
"26","66",0.566684141087006,"Respiration",65,"2","H",20230605,646.8294031,23.819726,"20230605_g1_66_O2","wounded"
"27","7",0.569348003565638,"Respiration",68,"2","H",20230605,645.8751764,24.701438,"20230605_g1_7_O2","wounded"
"28","72",0.512416364411891,"Respiration",65,"1","H",20230605,647.2865491,13.6717955,"20230605_g1_72_O2","wounded"
"29","75",0.462607304108685,"Respiration",67,"1","A",20230605,646.6271028,20.1866675,"20230605_g1_75_O2","wounded"
"30","76",0.476156280503065,"Respiration",67,"2","H",20230605,646.6701901,13.954945,"20230605_g1_76_O2","wounded"
"31","79",0.364419943486127,"Respiration",67,"2","H",20230605,647.2466145,15.9606985,"20230605_g1_79_O2","wounded"
"32","81",0.565448231457631,"Respiration",67,"0","H",20230605,646.8146903,10.2396185,"20230605_g1_81_O2","no wound"
"33","83",0.434176161253089,"Respiration",67,"0","A",20230605,647.1042162,11.238845,"20230605_g1_83_O2","no wound"
"34","91",0.367983459213616,"Respiration",66,"1","A",20230605,646.6791229,14.1465635,"20230605_g1_91_O2","wounded"
"35","93",0.333169475044509,"Respiration",66,"2","H",20230605,646.7117011,18.8337985,"20230605_g1_93_O2","wounded"
"36","96",0.370766538390607,"Respiration",66,"1","H",20230605,646.5987282,16.3761205,"20230605_g1_96_O2","wounded"
"37","1",0.431065223177077,"Respiration",68,"0","A",20230606,646.0851762,22.4680345,"20230606_g2_1_O2","no wound"
"38","10",0.364490254254816,"Respiration",68,"1","H",20230606,646.7345869,19.3291335,"20230606_g2_10_O2","wounded"
"39","100",0.388896750016998,"Respiration",66,"1","H",20230606,647.207744,13.6195145,"20230606_g2_100_O2","wounded"
"40","11",0.456111868154869,"Respiration",68,"0","A",20230606,646.9449372,15.9021375,"20230606_g2_11_O2","no wound"
"41","13",0.461759855759157,"Respiration",68,"2","H",20230606,647.3110831,11.47984,"20230606_g2_13_O2","wounded"
"42","14",0.438355885474836,"Respiration",68,"2","H",20230606,646.6821305,12.110666,"20230606_g2_14_O2","wounded"
"43","16",0.381186123517768,"Respiration",68,"2","A",20230606,646.2724457,25.3558925,"20230606_g2_16_O2","wounded"
"44","17",0.495091719156424,"Respiration",68,"1","A",20230606,647.4385523,9.556904,"20230606_g2_17_O2","wounded"
"45","19",0.288047930810352,"Respiration",70,"0","A",20230606,647.4180943,9.6147585,"20230606_g2_19_O2","no wound"
"46","22",0.458660652869515,"Respiration",70,"1","A",20230606,647.1941053,10.36043,"20230606_g2_22_O2","wounded"
"47","26",0.271662954140779,"Respiration",70,"1","A",20230606,647.3079357,8.60668976,"20230606_g2_26_O2","wounded"
"48","28",0.339936845875257,"Respiration",70,"0","H",20230606,647.0755537,11.339482,"20230606_g2_28_O2","no wound"
"49","30",0.382045833545333,"Respiration",70,"1","H",20230606,646.6459355,12.4358915,"20230606_g2_30_O2","wounded"
"50","32",0.263594813058976,"Respiration",70,"0","H",20230606,646.8662526,17.049415,"20230606_g2_32_O2","no wound"
"51","35",0.260826343200356,"Respiration",70,"1","H",20230606,647.660443,7.872922,"20230606_g2_35_O2","wounded"
"52","37",0.421076537763829,"Respiration",69,"0","A",20230606,646.8221892,11.468536,"20230606_g2_37_O2","no wound"
"53","42",0.447845662382079,"Respiration",69,"2","A",20230606,646.7896662,14.538043,"20230606_g2_42_O2","wounded"
"54","43",0.406311366076677,"Respiration",69,"2","H",20230606,646.3757849,21.7254245,"20230606_g2_43_O2","wounded"
"55","45",0.399493059414233,"Respiration",69,"2","H",20230606,646.4759767,16.9874785,"20230606_g2_45_O2","wounded"
"56","47",0.427053040702192,"Respiration",69,"0","H",20230606,647.257053,13.235728,"20230606_g2_47_O2","no wound"
"57","5",0.492172114667957,"Respiration",68,"0","H",20230606,644.6384278,38.1653655,"20230606_g2_5_O2","no wound"
"58","52",0.43117896941593,"Respiration",69,"1","A",20230606,647.7637822,7.445882,"20230606_g2_52_O2","wounded"
"59","55",0.498957175705322,"Respiration",65,"2","H",20230606,647.1479436,14.2968125,"20230606_g2_55_O2","wounded"
"60","59",0.436759552496438,"Respiration",65,"2","A",20230606,647.37508,16.2560155,"20230606_g2_59_O2","wounded"
"61","65",0.459958049209317,"Respiration",65,"2","A",20230606,647.1405997,16.358458,"20230606_g2_65_O2","wounded"
"62","69",0.406474449491385,"Respiration",65,"1","A",20230606,647.562874,9.3852245,"20230606_g2_69_O2","wounded"
"63","71",0.508864548508997,"Respiration",65,"1","A",20230606,646.8221892,19.362653,"20230606_g2_71_O2","wounded"
"64","74",0.543358796235168,"Respiration",67,"1","H",20230606,647.1143715,13.2631245,"20230606_g2_74_O2","wounded"
"65","77",0.472514331298546,"Respiration",67,"0","A",20230606,647.5298265,10.508481,"20230606_g2_77_O2","no wound"
"66","82",0.383529228150467,"Respiration",67,"2","A",20230606,647.428061,9.9410045,"20230606_g2_82_O2","wounded"
"67","85",0.485413893534441,"Respiration",67,"1","A",20230606,646.6433127,11.4931065,"20230606_g2_85_O2","wounded"
"68","87",0.450603078491004,"Respiration",67,"2","A",20230606,647.6468043,8.141706,"20230606_g2_87_O2","wounded"
"69","88",0.528354354510023,"Respiration",67,"1","A",20230606,647.0844713,8.241558,"20230606_g2_88_O2","wounded"
"70","89",0.496093706710676,"Respiration",67,"0","H",20230606,647.1579103,10.0967485,"20230606_g2_89_O2","no wound"
"71","95",0.356373220806877,"Respiration",66,"0","H",20230606,646.6459355,18.211058,"20230606_g2_95_O2","no wound"
"72","98",0.375281266674942,"Respiration",66,"2","H",20230606,646.1816961,20.599813,"20230606_g2_98_O2","wounded"
"73","101",0.33704579667043,"Respiration",66,"2","A",20230607,647.508909,10.4283325,"20230607_g3_101_O2","wounded"
"74","106",0.287931769211847,"Respiration",66,"1","A",20230607,646.5974319,19.363752,"20230607_g3_106_O2","wounded"
"75","107",0.357126969933279,"Respiration",66,"0","A",20230607,647.6725343,7.4710805,"20230607_g3_107_O2","no wound"
"76","108",0.339629501557355,"Respiration",66,"0","A",20230607,647.2823508,14.707603,"20230607_g3_108_O2","no wound"
"77","12",0.315280053424801,"Respiration",68,"1","A",20230607,646.4065356,27.4179305,"20230607_g3_12_O2","wounded"
"78","15",0.313267987332376,"Respiration",68,"0","A",20230607,647.2582265,10.8588265,"20230607_g3_15_O2","no wound"
"79","20",0.408645013688457,"Respiration",70,"1","A",20230607,647.355248,9.007718,"20230607_g3_20_O2","wounded"
"80","24",0.342073879048709,"Respiration",70,"2","H",20230607,647.3688834,9.7893425,"20230607_g3_24_O2","wounded"
"81","29",0.378265287130843,"Respiration",70,"2","A",20230607,646.9325492,12.2542425,"20230607_g3_29_O2","wounded"
"82","31",0.395556077941245,"Respiration",70,"2","H",20230607,646.2906343,12.000295,"20230607_g3_31_O2","wounded"
"83","34",0.400101690799497,"Respiration",70,"0","A",20230607,647.1606807,10.827819,"20230607_g3_34_O2","no wound"
"84","36",0.33877659580396,"Respiration",70,"0","H",20230607,646.8135012,15.157251,"20230607_g3_36_O2","no wound"
"85","39",0.358959614747176,"Respiration",69,"2","H",20230607,647.206307,13.605149,"20230607_g3_39_O2","wounded"
"86","44",0.40031606862743,"Respiration",69,"2","A",20230607,646.8853495,18.972979,"20230607_g3_44_O2","wounded"
"87","46",0.39707267714363,"Respiration",69,"1","H",20230607,647.126592,10.527164,"20230607_g3_46_O2","wounded"
"88","49",0.40367621272011,"Respiration",69,"2","A",20230607,646.9477579,14.4341875,"20230607_g3_49_O2","wounded"
"89","50",0.389371913440161,"Respiration",69,"1","H",20230607,646.5712098,18.6742865,"20230607_g3_50_O2","wounded"
"90","54",0.259321194206363,"Respiration",69,"1","A",20230607,647.5340821,9.472281,"20230607_g3_54_O2","wounded"
"91","57",0.438880319629897,"Respiration",65,"0","A",20230607,647.2629465,15.113762,"20230607_g3_57_O2","no wound"
"92","61",0.385886719369791,"Respiration",65,"0","H",20230607,647.7113429,10.0055315,"20230607_g3_61_O2","no wound"
"93","63",0.463947543354036,"Respiration",65,"2","H",20230607,647.4816381,10.9789315,"20230607_g3_63_O2","wounded"
"94","67",0.345367403363832,"Respiration",65,"1","A",20230607,646.7815104,11.0615135,"20230607_g3_67_O2","wounded"
"95","68",0.497211472777826,"Respiration",65,"0","A",20230607,647.6242858,8.8153145,"20230607_g3_68_O2","no wound"
"96","70",0.423138000182467,"Respiration",65,"1","H",20230607,647.3227327,11.800905,"20230607_g3_70_O2","wounded"
"97","73",0.514639548906764,"Respiration",67,"2","H",20230607,646.8386744,13.0631065,"20230607_g3_73_O2","wounded"
"98","78",0.473765566033003,"Respiration",67,"2","A",20230607,646.9231092,10.711639,"20230607_g3_78_O2","wounded"
"99","8",0.426405880993743,"Respiration",68,"0","H",20230607,647.7087207,9.450772,"20230607_g3_8_O2","no wound"
"100","80",0.551874378981827,"Respiration",67,"1","H",20230607,646.5544278,10.8349625,"20230607_g3_80_O2","wounded"
"101","84",0.367551919586582,"Respiration",67,"1","H",20230607,646.8035369,12.9155265,"20230607_g3_84_O2","wounded"
"102","86",0.414393464131818,"Respiration",67,"0","H",20230607,646.8176967,12.334234,"20230607_g3_86_O2","no wound"
"103","9",0.404850612501428,"Respiration",68,"2","A",20230607,647.0463527,15.383017,"20230607_g3_9_O2","wounded"
"104","90",0.497689790829464,"Respiration",67,"0","A",20230607,647.1800849,8.590883,"20230607_g3_90_O2","no wound"
"105","92",0.33108919863548,"Respiration",66,"1","H",20230607,647.3379414,10.858434,"20230607_g3_92_O2","wounded"
"106","94",0.356128466667247,"Respiration",66,"2","H",20230607,646.2539235,13.2131985,"20230607_g3_94_O2","wounded"
"107","97",0.353451828991722,"Respiration",66,"0","H",20230607,646.3005987,22.4110435,"20230607_g3_97_O2","no wound"
"108","99",0.335729091035123,"Respiration",66,"0","H",20230607,647.0211796,16.5598105,"20230607_g3_99_O2","no wound"
"109","102",0.0915769001529529,"Net Photosythesis",66,"2","A",20230605,647.4457621,10.2779265,"20230605_g1_102_O2","wounded"
"110","103",0.137068343144373,"Net Photosythesis",66,"0","A",20230605,646.9302905,13.2066045,"20230605_g1_103_O2","no wound"
"111","104",0.14721973572287,"Net Photosythesis",66,"2","A",20230605,646.0690693,23.669006,"20230605_g1_104_O2","wounded"
"112","105",0.110726000343965,"Net Photosythesis",66,"1","A",20230605,646.0942912,25.0701525,"20230605_g1_105_O2","wounded"
"113","18",0.123514387222342,"Net Photosythesis",68,"0","H",20230605,646.8519976,14.7492865,"20230605_g1_18_O2","no wound"
"114","2",0.335564730382158,"Net Photosythesis",68,"1","H",20230605,645.8010872,28.3475275,"20230605_g1_2_O2","wounded"
"115","21",0.0590406211312084,"Net Photosythesis",70,"0","A",20230605,647.4074038,10.917466,"20230605_g1_21_O2","no wound"
"116","23",0.0336285171463744,"Net Photosythesis",70,"1","H",20230605,647.4625766,9.88459126,"20230605_g1_23_O2","wounded"
"117","25",0.066631200441961,"Net Photosythesis",70,"2","A",20230605,646.7978758,12.285564,"20230605_g1_25_O2","wounded"
"118","27",0.00344725653806602,"Net Photosythesis",70,"2","A",20230605,646.6875302,16.5012495,"20230605_g1_27_O2","wounded"
"119","3",0.291222980065582,"Net Photosythesis",68,"1","H",20230605,646.6113391,18.5524545,"20230605_g1_3_O2","wounded"
"120","33",0.216868852577143,"Net Photosythesis",70,"2","H",20230605,647.3816565,10.0424265,"20230605_g1_33_O2","wounded"
"121","38",0.107458374274936,"Net Photosythesis",69,"1","A",20230605,647.2523945,9.561771,"20230605_g1_38_O2","wounded"
"122","4",0.0476116247371235,"Net Photosythesis",68,"2","A",20230605,646.0585602,22.0411515,"20230605_g1_4_O2","wounded"
"123","40",0.187881047397062,"Net Photosythesis",69,"0","H",20230605,645.7023016,26.901793,"20230605_g1_40_O2","no wound"
"124","41",0.23151341604444,"Net Photosythesis",69,"0","A",20230605,646.6255264,19.7038925,"20230605_g1_41_O2","no wound"
"125","48",0.236357069108873,"Net Photosythesis",69,"1","H",20230605,647.0847743,11.2200835,"20230605_g1_48_O2","wounded"
"126","51",0.299480846122135,"Net Photosythesis",69,"0","H",20230605,647.4588985,8.4441665,"20230605_g1_51_O2","no wound"
"127","53",0.106263168338952,"Net Photosythesis",69,"0","A",20230605,647.481493,8.235592,"20230605_g1_53_O2","no wound"
"128","56",0.18468415212833,"Net Photosythesis",65,"1","H",20230605,647.1567617,14.5612005,"20230605_g1_56_O2","wounded"
"129","58",0.231963083462788,"Net Photosythesis",65,"0","H",20230605,647.7652389,9.7158665,"20230605_g1_58_O2","no wound"
"130","6",0.158735000284134,"Net Photosythesis",68,"1","A",20230605,646.7153793,17.9765,"20230605_g1_6_O2","wounded"
"131","60",0.116925779047334,"Net Photosythesis",65,"0","H",20230605,647.1861872,18.8185695,"20230605_g1_60_O2","no wound"
"132","62",0.197300803623252,"Net Photosythesis",65,"2","A",20230605,647.5587349,8.441105,"20230605_g1_62_O2","wounded"
"133","64",0.0732629093986736,"Net Photosythesis",65,"0","A",20230605,647.6228405,7.920336,"20230605_g1_64_O2","no wound"
"134","66",0.0496267612252308,"Net Photosythesis",65,"2","H",20230605,646.8294031,23.819726,"20230605_g1_66_O2","wounded"
"135","7",0.102262959297881,"Net Photosythesis",68,"2","H",20230605,645.8751764,24.701438,"20230605_g1_7_O2","wounded"
"136","72",0.0331682718957362,"Net Photosythesis",65,"1","H",20230605,647.2865491,13.6717955,"20230605_g1_72_O2","wounded"
"137","75",0.23917214232951,"Net Photosythesis",67,"1","A",20230605,646.6271028,20.1866675,"20230605_g1_75_O2","wounded"
"138","76",0.255869641987631,"Net Photosythesis",67,"2","H",20230605,646.6701901,13.954945,"20230605_g1_76_O2","wounded"
"139","79",0.260346479168064,"Net Photosythesis",67,"2","H",20230605,647.2466145,15.9606985,"20230605_g1_79_O2","wounded"
"140","81",0.135787881361193,"Net Photosythesis",67,"0","H",20230605,646.8146903,10.2396185,"20230605_g1_81_O2","no wound"
"141","83",0.314836688819465,"Net Photosythesis",67,"0","A",20230605,647.1042162,11.238845,"20230605_g1_83_O2","no wound"
"142","91",0.0763866840900005,"Net Photosythesis",66,"1","A",20230605,646.6791229,14.1465635,"20230605_g1_91_O2","wounded"
"143","93",0.0821868468687461,"Net Photosythesis",66,"2","H",20230605,646.7117011,18.8337985,"20230605_g1_93_O2","wounded"
"144","96",0.179371248893059,"Net Photosythesis",66,"1","H",20230605,646.5987282,16.3761205,"20230605_g1_96_O2","wounded"
"145","1",0.0241822723847206,"Net Photosythesis",68,"0","A",20230606,646.0851762,22.4680345,"20230606_g2_1_O2","no wound"
"146","10",0.298590573330373,"Net Photosythesis",68,"1","H",20230606,646.7345869,19.3291335,"20230606_g2_10_O2","wounded"
"147","100",0.163411671741397,"Net Photosythesis",66,"1","H",20230606,647.207744,13.6195145,"20230606_g2_100_O2","wounded"
"148","11",0.20663712286491,"Net Photosythesis",68,"0","A",20230606,646.9449372,15.9021375,"20230606_g2_11_O2","no wound"
"149","13",0.111826525993822,"Net Photosythesis",68,"2","H",20230606,647.3110831,11.47984,"20230606_g2_13_O2","wounded"
"150","14",0.239226457619231,"Net Photosythesis",68,"2","H",20230606,646.6821305,12.110666,"20230606_g2_14_O2","wounded"
"151","16",0.222711793425365,"Net Photosythesis",68,"2","A",20230606,646.2724457,25.3558925,"20230606_g2_16_O2","wounded"
"152","17",0.1305518701671,"Net Photosythesis",68,"1","A",20230606,647.4385523,9.556904,"20230606_g2_17_O2","wounded"
"153","19",0.0518972012153995,"Net Photosythesis",70,"0","A",20230606,647.4180943,9.6147585,"20230606_g2_19_O2","no wound"
"154","22",0.0567045346799549,"Net Photosythesis",70,"1","A",20230606,647.1941053,10.36043,"20230606_g2_22_O2","wounded"
"155","26",0.0986389368703359,"Net Photosythesis",70,"1","A",20230606,647.3079357,8.60668976,"20230606_g2_26_O2","wounded"
"156","28",0.224401067094351,"Net Photosythesis",70,"0","H",20230606,647.0755537,11.339482,"20230606_g2_28_O2","no wound"
"157","30",0.1062160400077,"Net Photosythesis",70,"1","H",20230606,646.6459355,12.4358915,"20230606_g2_30_O2","wounded"
"158","32",0.0372350541881028,"Net Photosythesis",70,"0","H",20230606,646.8662526,17.049415,"20230606_g2_32_O2","no wound"
"159","35",0.14405782729337,"Net Photosythesis",70,"1","H",20230606,647.660443,7.872922,"20230606_g2_35_O2","wounded"
"160","37",0.260398153225409,"Net Photosythesis",69,"0","A",20230606,646.8221892,11.468536,"20230606_g2_37_O2","no wound"
"161","42",0.227316965145887,"Net Photosythesis",69,"2","A",20230606,646.7896662,14.538043,"20230606_g2_42_O2","wounded"
"162","43",0.313140592740379,"Net Photosythesis",69,"2","H",20230606,646.3757849,21.7254245,"20230606_g2_43_O2","wounded"
"163","45",0.368983014510332,"Net Photosythesis",69,"2","H",20230606,646.4759767,16.9874785,"20230606_g2_45_O2","wounded"
"164","47",0.201339947971902,"Net Photosythesis",69,"0","H",20230606,647.257053,13.235728,"20230606_g2_47_O2","no wound"
"165","5",0.200088851510943,"Net Photosythesis",68,"0","H",20230606,644.6384278,38.1653655,"20230606_g2_5_O2","no wound"
"166","52",0.226769823274204,"Net Photosythesis",69,"1","A",20230606,647.7637822,7.445882,"20230606_g2_52_O2","wounded"
"167","55",0.290198300751421,"Net Photosythesis",65,"2","H",20230606,647.1479436,14.2968125,"20230606_g2_55_O2","wounded"
"168","59",0.282153658544166,"Net Photosythesis",65,"2","A",20230606,647.37508,16.2560155,"20230606_g2_59_O2","wounded"
"169","65",0.198723693065575,"Net Photosythesis",65,"2","A",20230606,647.1405997,16.358458,"20230606_g2_65_O2","wounded"
"170","69",0.142863514188672,"Net Photosythesis",65,"1","A",20230606,647.562874,9.3852245,"20230606_g2_69_O2","wounded"
"171","71",0.0414330339585958,"Net Photosythesis",65,"1","A",20230606,646.8221892,19.362653,"20230606_g2_71_O2","wounded"
"172","74",0.239070764955187,"Net Photosythesis",67,"1","H",20230606,647.1143715,13.2631245,"20230606_g2_74_O2","wounded"
"173","77",0.323161244916148,"Net Photosythesis",67,"0","A",20230606,647.5298265,10.508481,"20230606_g2_77_O2","no wound"
"174","82",0.285202775997528,"Net Photosythesis",67,"2","A",20230606,647.428061,9.9410045,"20230606_g2_82_O2","wounded"
"175","85",0.172598596095687,"Net Photosythesis",67,"1","A",20230606,646.6433127,11.4931065,"20230606_g2_85_O2","wounded"
"176","87",0.147613082079493,"Net Photosythesis",67,"2","A",20230606,647.6468043,8.141706,"20230606_g2_87_O2","wounded"
"177","88",0.0814409711925688,"Net Photosythesis",67,"1","A",20230606,647.0844713,8.241558,"20230606_g2_88_O2","wounded"
"178","89",0.472925465413528,"Net Photosythesis",67,"0","H",20230606,647.1579103,10.0967485,"20230606_g2_89_O2","no wound"
"179","95",0.282667668946345,"Net Photosythesis",66,"0","H",20230606,646.6459355,18.211058,"20230606_g2_95_O2","no wound"
"180","98",0.259180442766015,"Net Photosythesis",66,"2","H",20230606,646.1816961,20.599813,"20230606_g2_98_O2","wounded"
"181","101",0.169154670283309,"Net Photosythesis",66,"2","A",20230607,647.508909,10.4283325,"20230607_g3_101_O2","wounded"
"182","106",0.264610503548103,"Net Photosythesis",66,"1","A",20230607,646.5974319,19.363752,"20230607_g3_106_O2","wounded"
"183","107",0.319973806452464,"Net Photosythesis",66,"0","A",20230607,647.6725343,7.4710805,"20230607_g3_107_O2","no wound"
"184","108",0.331958513046596,"Net Photosythesis",66,"0","A",20230607,647.2823508,14.707603,"20230607_g3_108_O2","no wound"
"185","12",0.171360378857722,"Net Photosythesis",68,"1","A",20230607,646.4065356,27.4179305,"20230607_g3_12_O2","wounded"
"186","15",0.137212872541736,"Net Photosythesis",68,"0","A",20230607,647.2582265,10.8588265,"20230607_g3_15_O2","no wound"
"187","20",0.239962573082093,"Net Photosythesis",70,"1","A",20230607,647.355248,9.007718,"20230607_g3_20_O2","wounded"
"188","24",0.118923048705179,"Net Photosythesis",70,"2","H",20230607,647.3688834,9.7893425,"20230607_g3_24_O2","wounded"
"189","29",0.200346052101345,"Net Photosythesis",70,"2","A",20230607,646.9325492,12.2542425,"20230607_g3_29_O2","wounded"
"190","31",0.199089241555376,"Net Photosythesis",70,"2","H",20230607,646.2906343,12.000295,"20230607_g3_31_O2","wounded"
"191","34",0.253450744300465,"Net Photosythesis",70,"0","A",20230607,647.1606807,10.827819,"20230607_g3_34_O2","no wound"
"192","36",0.162567687292047,"Net Photosythesis",70,"0","H",20230607,646.8135012,15.157251,"20230607_g3_36_O2","no wound"
"193","39",0.315907899861656,"Net Photosythesis",69,"2","H",20230607,647.206307,13.605149,"20230607_g3_39_O2","wounded"
"194","44",0.19664394911007,"Net Photosythesis",69,"2","A",20230607,646.8853495,18.972979,"20230607_g3_44_O2","wounded"
"195","46",0.420298373256915,"Net Photosythesis",69,"1","H",20230607,647.126592,10.527164,"20230607_g3_46_O2","wounded"
"196","49",0.197329410708123,"Net Photosythesis",69,"2","A",20230607,646.9477579,14.4341875,"20230607_g3_49_O2","wounded"
"197","50",0.353204722225412,"Net Photosythesis",69,"1","H",20230607,646.5712098,18.6742865,"20230607_g3_50_O2","wounded"
"198","54",0.270362924572479,"Net Photosythesis",69,"1","A",20230607,647.5340821,9.472281,"20230607_g3_54_O2","wounded"
"199","57",0.137280441991105,"Net Photosythesis",65,"0","A",20230607,647.2629465,15.113762,"20230607_g3_57_O2","no wound"
"200","61",0.109724434118415,"Net Photosythesis",65,"0","H",20230607,647.7113429,10.0055315,"20230607_g3_61_O2","no wound"
"201","63",0.275736927540441,"Net Photosythesis",65,"2","H",20230607,647.4816381,10.9789315,"20230607_g3_63_O2","wounded"
"202","67",0.0617143968497042,"Net Photosythesis",65,"1","A",20230607,646.7815104,11.0615135,"20230607_g3_67_O2","wounded"
"203","68",0.286614289336344,"Net Photosythesis",65,"0","A",20230607,647.6242858,8.8153145,"20230607_g3_68_O2","no wound"
"204","70",0.269568316700959,"Net Photosythesis",65,"1","H",20230607,647.3227327,11.800905,"20230607_g3_70_O2","wounded"
"205","73",0.314288877927626,"Net Photosythesis",67,"2","H",20230607,646.8386744,13.0631065,"20230607_g3_73_O2","wounded"
"206","78",0.424229408574682,"Net Photosythesis",67,"2","A",20230607,646.9231092,10.711639,"20230607_g3_78_O2","wounded"
"207","8",0.117243720842802,"Net Photosythesis",68,"0","H",20230607,647.7087207,9.450772,"20230607_g3_8_O2","no wound"
"208","80",0.393666861030495,"Net Photosythesis",67,"1","H",20230607,646.5544278,10.8349625,"20230607_g3_80_O2","wounded"
"209","84",0.102789486140712,"Net Photosythesis",67,"1","H",20230607,646.8035369,12.9155265,"20230607_g3_84_O2","wounded"
"210","86",0.425751399899529,"Net Photosythesis",67,"0","H",20230607,646.8176967,12.334234,"20230607_g3_86_O2","no wound"
"211","9",0.189511649706436,"Net Photosythesis",68,"2","A",20230607,647.0463527,15.383017,"20230607_g3_9_O2","wounded"
"212","90",0.398588527428842,"Net Photosythesis",67,"0","A",20230607,647.1800849,8.590883,"20230607_g3_90_O2","no wound"
"213","92",0.254237779918598,"Net Photosythesis",66,"1","H",20230607,647.3379414,10.858434,"20230607_g3_92_O2","wounded"
"214","94",0.297098443327551,"Net Photosythesis",66,"2","H",20230607,646.2539235,13.2131985,"20230607_g3_94_O2","wounded"
"215","97",0.195667472506514,"Net Photosythesis",66,"0","H",20230607,646.3005987,22.4110435,"20230607_g3_97_O2","no wound"
"216","99",0.31288822771214,"Net Photosythesis",66,"0","H",20230607,647.0211796,16.5598105,"20230607_g3_99_O2","no wound"
"217","102",0.56179956919883,"Gross Photosynthesis",66,"2","A",20230605,647.4457621,10.2779265,"20230605_g1_102_O2","wounded"
"218","103",0.552666627632653,"Gross Photosynthesis",66,"0","A",20230605,646.9302905,13.2066045,"20230605_g1_103_O2","no wound"
"219","104",0.504081369798682,"Gross Photosynthesis",66,"2","A",20230605,646.0690693,23.669006,"20230605_g1_104_O2","wounded"
"220","105",0.484506283923017,"Gross Photosynthesis",66,"1","A",20230605,646.0942912,25.0701525,"20230605_g1_105_O2","wounded"
"221","18",0.520362207601129,"Gross Photosynthesis",68,"0","H",20230605,646.8519976,14.7492865,"20230605_g1_18_O2","no wound"
"222","2",0.806118182553388,"Gross Photosynthesis",68,"1","H",20230605,645.8010872,28.3475275,"20230605_g1_2_O2","wounded"
"223","21",0.450043738722079,"Gross Photosynthesis",70,"0","A",20230605,647.4074038,10.917466,"20230605_g1_21_O2","no wound"
"224","23",0.486005190071469,"Gross Photosynthesis",70,"1","H",20230605,647.4625766,9.88459126,"20230605_g1_23_O2","wounded"
"225","25",0.411268970664029,"Gross Photosynthesis",70,"2","A",20230605,646.7978758,12.285564,"20230605_g1_25_O2","wounded"
"226","27",0.327194123968511,"Gross Photosynthesis",70,"2","A",20230605,646.6875302,16.5012495,"20230605_g1_27_O2","wounded"
"227","3",0.785217164722504,"Gross Photosynthesis",68,"1","H",20230605,646.6113391,18.5524545,"20230605_g1_3_O2","wounded"
"228","33",0.625030686170485,"Gross Photosynthesis",70,"2","H",20230605,647.3816565,10.0424265,"20230605_g1_33_O2","wounded"
"229","38",0.572876791866191,"Gross Photosynthesis",69,"1","A",20230605,647.2523945,9.561771,"20230605_g1_38_O2","wounded"
"230","4",0.62768861499844,"Gross Photosynthesis",68,"2","A",20230605,646.0585602,22.0411515,"20230605_g1_4_O2","wounded"
"231","40",0.618184019736631,"Gross Photosynthesis",69,"0","H",20230605,645.7023016,26.901793,"20230605_g1_40_O2","no wound"
"232","41",0.635279942464754,"Gross Photosynthesis",69,"0","A",20230605,646.6255264,19.7038925,"20230605_g1_41_O2","no wound"
"233","48",0.66043727038323,"Gross Photosynthesis",69,"1","H",20230605,647.0847743,11.2200835,"20230605_g1_48_O2","wounded"
"234","51",0.744129884958564,"Gross Photosynthesis",69,"0","H",20230605,647.4588985,8.4441665,"20230605_g1_51_O2","no wound"
"235","53",0.589084083083297,"Gross Photosynthesis",69,"0","A",20230605,647.481493,8.235592,"20230605_g1_53_O2","no wound"
"236","56",0.781682742714443,"Gross Photosynthesis",65,"1","H",20230605,647.1567617,14.5612005,"20230605_g1_56_O2","wounded"
"237","58",0.596690018134798,"Gross Photosynthesis",65,"0","H",20230605,647.7652389,9.7158665,"20230605_g1_58_O2","no wound"
"238","6",0.545299708864255,"Gross Photosynthesis",68,"1","A",20230605,646.7153793,17.9765,"20230605_g1_6_O2","wounded"
"239","60",0.557137030818075,"Gross Photosynthesis",65,"0","H",20230605,647.1861872,18.8185695,"20230605_g1_60_O2","no wound"
"240","62",0.743891436380699,"Gross Photosynthesis",65,"2","A",20230605,647.5587349,8.441105,"20230605_g1_62_O2","wounded"
"241","64",0.694220826171988,"Gross Photosynthesis",65,"0","A",20230605,647.6228405,7.920336,"20230605_g1_64_O2","no wound"
"242","66",0.616310902312237,"Gross Photosynthesis",65,"2","H",20230605,646.8294031,23.819726,"20230605_g1_66_O2","wounded"
"243","7",0.671610962863519,"Gross Photosynthesis",68,"2","H",20230605,645.8751764,24.701438,"20230605_g1_7_O2","wounded"
"244","72",0.545584636307627,"Gross Photosynthesis",65,"1","H",20230605,647.2865491,13.6717955,"20230605_g1_72_O2","wounded"
"245","75",0.701779446438195,"Gross Photosynthesis",67,"1","A",20230605,646.6271028,20.1866675,"20230605_g1_75_O2","wounded"
"246","76",0.732025922490696,"Gross Photosynthesis",67,"2","H",20230605,646.6701901,13.954945,"20230605_g1_76_O2","wounded"
"247","79",0.624766422654191,"Gross Photosynthesis",67,"2","H",20230605,647.2466145,15.9606985,"20230605_g1_79_O2","wounded"
"248","81",0.701236112818824,"Gross Photosynthesis",67,"0","H",20230605,646.8146903,10.2396185,"20230605_g1_81_O2","no wound"
"249","83",0.749012850072554,"Gross Photosynthesis",67,"0","A",20230605,647.1042162,11.238845,"20230605_g1_83_O2","no wound"
"250","91",0.444370143303617,"Gross Photosynthesis",66,"1","A",20230605,646.6791229,14.1465635,"20230605_g1_91_O2","wounded"
"251","93",0.415356321913255,"Gross Photosynthesis",66,"2","H",20230605,646.7117011,18.8337985,"20230605_g1_93_O2","wounded"
"252","96",0.550137787283666,"Gross Photosynthesis",66,"1","H",20230605,646.5987282,16.3761205,"20230605_g1_96_O2","wounded"
"253","1",0.455247495561798,"Gross Photosynthesis",68,"0","A",20230606,646.0851762,22.4680345,"20230606_g2_1_O2","no wound"
"254","10",0.663080827585189,"Gross Photosynthesis",68,"1","H",20230606,646.7345869,19.3291335,"20230606_g2_10_O2","wounded"
"255","100",0.552308421758395,"Gross Photosynthesis",66,"1","H",20230606,647.207744,13.6195145,"20230606_g2_100_O2","wounded"
"256","11",0.662748991019779,"Gross Photosynthesis",68,"0","A",20230606,646.9449372,15.9021375,"20230606_g2_11_O2","no wound"
"257","13",0.573586381752979,"Gross Photosynthesis",68,"2","H",20230606,647.3110831,11.47984,"20230606_g2_13_O2","wounded"
"258","14",0.677582343094067,"Gross Photosynthesis",68,"2","H",20230606,646.6821305,12.110666,"20230606_g2_14_O2","wounded"
"259","16",0.603897916943133,"Gross Photosynthesis",68,"2","A",20230606,646.2724457,25.3558925,"20230606_g2_16_O2","wounded"
"260","17",0.625643589323524,"Gross Photosynthesis",68,"1","A",20230606,647.4385523,9.556904,"20230606_g2_17_O2","wounded"
"261","19",0.339945132025751,"Gross Photosynthesis",70,"0","A",20230606,647.4180943,9.6147585,"20230606_g2_19_O2","no wound"
"262","22",0.51536518754947,"Gross Photosynthesis",70,"1","A",20230606,647.1941053,10.36043,"20230606_g2_22_O2","wounded"
"263","26",0.370301891011115,"Gross Photosynthesis",70,"1","A",20230606,647.3079357,8.60668976,"20230606_g2_26_O2","wounded"
"264","28",0.564337912969608,"Gross Photosynthesis",70,"0","H",20230606,647.0755537,11.339482,"20230606_g2_28_O2","no wound"
"265","30",0.488261873553033,"Gross Photosynthesis",70,"1","H",20230606,646.6459355,12.4358915,"20230606_g2_30_O2","wounded"
"266","32",0.300829867247079,"Gross Photosynthesis",70,"0","H",20230606,646.8662526,17.049415,"20230606_g2_32_O2","no wound"
"267","35",0.404884170493726,"Gross Photosynthesis",70,"1","H",20230606,647.660443,7.872922,"20230606_g2_35_O2","wounded"
"268","37",0.681474690989238,"Gross Photosynthesis",69,"0","A",20230606,646.8221892,11.468536,"20230606_g2_37_O2","no wound"
"269","42",0.675162627527966,"Gross Photosynthesis",69,"2","A",20230606,646.7896662,14.538043,"20230606_g2_42_O2","wounded"
"270","43",0.719451958817056,"Gross Photosynthesis",69,"2","H",20230606,646.3757849,21.7254245,"20230606_g2_43_O2","wounded"
"271","45",0.768476073924565,"Gross Photosynthesis",69,"2","H",20230606,646.4759767,16.9874785,"20230606_g2_45_O2","wounded"
"272","47",0.628392988674094,"Gross Photosynthesis",69,"0","H",20230606,647.257053,13.235728,"20230606_g2_47_O2","no wound"
"273","5",0.6922609661789,"Gross Photosynthesis",68,"0","H",20230606,644.6384278,38.1653655,"20230606_g2_5_O2","no wound"
"274","52",0.657948792690134,"Gross Photosynthesis",69,"1","A",20230606,647.7637822,7.445882,"20230606_g2_52_O2","wounded"
"275","55",0.789155476456743,"Gross Photosynthesis",65,"2","H",20230606,647.1479436,14.2968125,"20230606_g2_55_O2","wounded"
"276","59",0.718913211040604,"Gross Photosynthesis",65,"2","A",20230606,647.37508,16.2560155,"20230606_g2_59_O2","wounded"
"277","65",0.658681742274892,"Gross Photosynthesis",65,"2","A",20230606,647.1405997,16.358458,"20230606_g2_65_O2","wounded"
"278","69",0.549337963680057,"Gross Photosynthesis",65,"1","A",20230606,647.562874,9.3852245,"20230606_g2_69_O2","wounded"
"279","71",0.550297582467593,"Gross Photosynthesis",65,"1","A",20230606,646.8221892,19.362653,"20230606_g2_71_O2","wounded"
"280","74",0.782429561190355,"Gross Photosynthesis",67,"1","H",20230606,647.1143715,13.2631245,"20230606_g2_74_O2","wounded"
"281","77",0.795675576214694,"Gross Photosynthesis",67,"0","A",20230606,647.5298265,10.508481,"20230606_g2_77_O2","no wound"
"282","82",0.668732004147995,"Gross Photosynthesis",67,"2","A",20230606,647.428061,9.9410045,"20230606_g2_82_O2","wounded"
"283","85",0.658012489630128,"Gross Photosynthesis",67,"1","A",20230606,646.6433127,11.4931065,"20230606_g2_85_O2","wounded"
"284","87",0.598216160570497,"Gross Photosynthesis",67,"2","A",20230606,647.6468043,8.141706,"20230606_g2_87_O2","wounded"
"285","88",0.609795325702592,"Gross Photosynthesis",67,"1","A",20230606,647.0844713,8.241558,"20230606_g2_88_O2","wounded"
"286","89",0.969019172124204,"Gross Photosynthesis",67,"0","H",20230606,647.1579103,10.0967485,"20230606_g2_89_O2","no wound"
"287","95",0.639040889753222,"Gross Photosynthesis",66,"0","H",20230606,646.6459355,18.211058,"20230606_g2_95_O2","no wound"
"288","98",0.634461709440957,"Gross Photosynthesis",66,"2","H",20230606,646.1816961,20.599813,"20230606_g2_98_O2","wounded"
"289","101",0.506200466953739,"Gross Photosynthesis",66,"2","A",20230607,647.508909,10.4283325,"20230607_g3_101_O2","wounded"
"290","106",0.55254227275995,"Gross Photosynthesis",66,"1","A",20230607,646.5974319,19.363752,"20230607_g3_106_O2","wounded"
"291","107",0.677100776385743,"Gross Photosynthesis",66,"0","A",20230607,647.6725343,7.4710805,"20230607_g3_107_O2","no wound"
"292","108",0.671588014603951,"Gross Photosynthesis",66,"0","A",20230607,647.2823508,14.707603,"20230607_g3_108_O2","no wound"
"293","12",0.486640432282523,"Gross Photosynthesis",68,"1","A",20230607,646.4065356,27.4179305,"20230607_g3_12_O2","wounded"
"294","15",0.450480859874112,"Gross Photosynthesis",68,"0","A",20230607,647.2582265,10.8588265,"20230607_g3_15_O2","no wound"
"295","20",0.64860758677055,"Gross Photosynthesis",70,"1","A",20230607,647.355248,9.007718,"20230607_g3_20_O2","wounded"
"296","24",0.460996927753888,"Gross Photosynthesis",70,"2","H",20230607,647.3688834,9.7893425,"20230607_g3_24_O2","wounded"
"297","29",0.578611339232188,"Gross Photosynthesis",70,"2","A",20230607,646.9325492,12.2542425,"20230607_g3_29_O2","wounded"
"298","31",0.594645319496621,"Gross Photosynthesis",70,"2","H",20230607,646.2906343,12.000295,"20230607_g3_31_O2","wounded"
"299","34",0.653552435099962,"Gross Photosynthesis",70,"0","A",20230607,647.1606807,10.827819,"20230607_g3_34_O2","no wound"
"300","36",0.501344283096007,"Gross Photosynthesis",70,"0","H",20230607,646.8135012,15.157251,"20230607_g3_36_O2","no wound"
"301","39",0.674867514608832,"Gross Photosynthesis",69,"2","H",20230607,647.206307,13.605149,"20230607_g3_39_O2","wounded"
"302","44",0.5969600177375,"Gross Photosynthesis",69,"2","A",20230607,646.8853495,18.972979,"20230607_g3_44_O2","wounded"
"303","46",0.817371050400545,"Gross Photosynthesis",69,"1","H",20230607,647.126592,10.527164,"20230607_g3_46_O2","wounded"
"304","49",0.601005623428233,"Gross Photosynthesis",69,"2","A",20230607,646.9477579,14.4341875,"20230607_g3_49_O2","wounded"
"305","50",0.742576635665573,"Gross Photosynthesis",69,"1","H",20230607,646.5712098,18.6742865,"20230607_g3_50_O2","wounded"
"306","54",0.529684118778842,"Gross Photosynthesis",69,"1","A",20230607,647.5340821,9.472281,"20230607_g3_54_O2","wounded"
"307","57",0.576160761621002,"Gross Photosynthesis",65,"0","A",20230607,647.2629465,15.113762,"20230607_g3_57_O2","no wound"
"308","61",0.495611153488206,"Gross Photosynthesis",65,"0","H",20230607,647.7113429,10.0055315,"20230607_g3_61_O2","no wound"
"309","63",0.739684470894477,"Gross Photosynthesis",65,"2","H",20230607,647.4816381,10.9789315,"20230607_g3_63_O2","wounded"
"310","67",0.407081800213536,"Gross Photosynthesis",65,"1","A",20230607,646.7815104,11.0615135,"20230607_g3_67_O2","wounded"
"311","68",0.78382576211417,"Gross Photosynthesis",65,"0","A",20230607,647.6242858,8.8153145,"20230607_g3_68_O2","no wound"
"312","70",0.692706316883426,"Gross Photosynthesis",65,"1","H",20230607,647.3227327,11.800905,"20230607_g3_70_O2","wounded"
"313","73",0.82892842683439,"Gross Photosynthesis",67,"2","H",20230607,646.8386744,13.0631065,"20230607_g3_73_O2","wounded"
"314","78",0.897994974607685,"Gross Photosynthesis",67,"2","A",20230607,646.9231092,10.711639,"20230607_g3_78_O2","wounded"
"315","8",0.543649601836545,"Gross Photosynthesis",68,"0","H",20230607,647.7087207,9.450772,"20230607_g3_8_O2","no wound"
"316","80",0.945541240012322,"Gross Photosynthesis",67,"1","H",20230607,646.5544278,10.8349625,"20230607_g3_80_O2","wounded"
"317","84",0.470341405727294,"Gross Photosynthesis",67,"1","H",20230607,646.8035369,12.9155265,"20230607_g3_84_O2","wounded"
"318","86",0.840144864031347,"Gross Photosynthesis",67,"0","H",20230607,646.8176967,12.334234,"20230607_g3_86_O2","no wound"
"319","9",0.594362262207864,"Gross Photosynthesis",68,"2","A",20230607,647.0463527,15.383017,"20230607_g3_9_O2","wounded"
"320","90",0.896278318258306,"Gross Photosynthesis",67,"0","A",20230607,647.1800849,8.590883,"20230607_g3_90_O2","no wound"
"321","92",0.585326978554078,"Gross Photosynthesis",66,"1","H",20230607,647.3379414,10.858434,"20230607_g3_92_O2","wounded"
"322","94",0.653226909994798,"Gross Photosynthesis",66,"2","H",20230607,646.2539235,13.2131985,"20230607_g3_94_O2","wounded"
"323","97",0.549119301498236,"Gross Photosynthesis",66,"0","H",20230607,646.3005987,22.4110435,"20230607_g3_97_O2","no wound"
"324","99",0.648617318747263,"Gross Photosynthesis",66,"0","H",20230607,647.0211796,16.5598105,"20230607_g3_99_O2","no wound"
